-- phpMyAdmin SQL Dump
-- version 4.6.5.2
-- https://www.phpmyadmin.net/
--
-- Host: 127.0.0.1
-- Generation Time: Apr 23, 2018 at 03:18 PM
-- Server version: 10.1.21-MariaDB
-- PHP Version: 5.6.30

SET SQL_MODE = "NO_AUTO_VALUE_ON_ZERO";
SET time_zone = "+00:00";


/*!40101 SET @OLD_CHARACTER_SET_CLIENT=@@CHARACTER_SET_CLIENT */;
/*!40101 SET @OLD_CHARACTER_SET_RESULTS=@@CHARACTER_SET_RESULTS */;
/*!40101 SET @OLD_COLLATION_CONNECTION=@@COLLATION_CONNECTION */;
/*!40101 SET NAMES utf8mb4 */;

--
-- Database: `cart`
--

-- --------------------------------------------------------

--
-- Table structure for table `admin`
--

CREATE TABLE `admin` (
  `id` int(11) NOT NULL,
  `username` varchar(255) NOT NULL,
  `password` varchar(255) NOT NULL,
  `creationDate` timestamp NOT NULL DEFAULT CURRENT_TIMESTAMP,
  `updationDate` varchar(255) NOT NULL
) ENGINE=InnoDB DEFAULT CHARSET=latin1;

--
-- Dumping data for table `admin`
--

INSERT INTO `admin` (`id`, `username`, `password`, `creationDate`, `updationDate`) VALUES
(1, 'admin', 'ce9a0f9bef96f8407354cbb85176aa87', '2017-01-24 16:21:18', '28-01-2018 10:03:56 PM');

-- --------------------------------------------------------

--
-- Table structure for table `category`
--

CREATE TABLE `category` (
  `id` int(11) NOT NULL,
  `categoryName` varchar(255) NOT NULL,
  `categoryDescription` longtext NOT NULL,
  `creationDate` timestamp NOT NULL DEFAULT CURRENT_TIMESTAMP,
  `updationDate` varchar(255) NOT NULL
) ENGINE=InnoDB DEFAULT CHARSET=latin1;

--
-- Dumping data for table `category`
--

INSERT INTO `category` (`id`, `categoryName`, `categoryDescription`, `creationDate`, `updationDate`) VALUES
(3, 'Books', 'Test anuj', '2017-01-24 19:17:37', '30-01-2017 12:22:24 AM'),
(4, 'Electronics', 'Electronic Products', '2017-01-24 19:19:32', ''),
(5, 'Furniture', 'test', '2017-01-24 19:19:54', ''),
(6, 'Fashion', 'Fashion', '2017-02-20 19:18:52', '');

-- --------------------------------------------------------

--
-- Table structure for table `orders`
--

CREATE TABLE `orders` (
  `id` int(11) NOT NULL,
  `userId` int(11) NOT NULL,
  `productId` varchar(255) NOT NULL,
  `quantity` int(11) NOT NULL,
  `orderDate` timestamp NOT NULL DEFAULT CURRENT_TIMESTAMP,
  `paymentMethod` varchar(50) DEFAULT NULL,
  `orderStatus` varchar(55) DEFAULT NULL
) ENGINE=InnoDB DEFAULT CHARSET=latin1;

--
-- Dumping data for table `orders`
--

INSERT INTO `orders` (`id`, `userId`, `productId`, `quantity`, `orderDate`, `paymentMethod`, `orderStatus`) VALUES
(1, 1, '3', 1, '2017-03-07 19:32:57', 'COD', NULL),
(3, 1, '4', 1, '2017-03-10 19:43:04', 'Debit / Credit card', 'Delivered'),
(4, 1, '17', 1, '2017-03-08 16:14:17', 'COD', 'in Process'),
(5, 1, '3', 1, '2017-03-08 19:21:38', 'COD', NULL),
(6, 1, '4', 1, '2017-03-08 19:21:38', 'COD', NULL);

-- --------------------------------------------------------

--
-- Table structure for table `ordertrackhistory`
--

CREATE TABLE `ordertrackhistory` (
  `id` int(11) NOT NULL,
  `orderId` int(11) NOT NULL,
  `status` varchar(255) NOT NULL,
  `remark` mediumtext NOT NULL,
  `postingDate` timestamp NOT NULL DEFAULT CURRENT_TIMESTAMP
) ENGINE=InnoDB DEFAULT CHARSET=latin1;

--
-- Dumping data for table `ordertrackhistory`
--

INSERT INTO `ordertrackhistory` (`id`, `orderId`, `status`, `remark`, `postingDate`) VALUES
(1, 3, 'in Process', 'Order has been Shipped.', '2017-03-10 19:36:45'),
(2, 1, 'Delivered', 'Order Has been delivered', '2017-03-10 19:37:31'),
(3, 3, 'Delivered', 'Product delivered successfully', '2017-03-10 19:43:04'),
(4, 4, 'in Process', 'Product ready for Shipping', '2017-03-10 19:50:36');

-- --------------------------------------------------------

--
-- Table structure for table `productreviews`
--

CREATE TABLE `productreviews` (
  `id` int(11) NOT NULL,
  `productId` int(11) NOT NULL,
  `quality` int(11) NOT NULL,
  `price` int(11) NOT NULL,
  `value` int(11) NOT NULL,
  `name` varchar(255) NOT NULL,
  `summary` varchar(255) NOT NULL,
  `review` longtext NOT NULL,
  `reviewDate` timestamp NOT NULL DEFAULT CURRENT_TIMESTAMP
) ENGINE=InnoDB DEFAULT CHARSET=latin1;

--
-- Dumping data for table `productreviews`
--

INSERT INTO `productreviews` (`id`, `productId`, `quality`, `price`, `value`, `name`, `summary`, `review`, `reviewDate`) VALUES
(2, 3, 4, 5, 5, 'Anuj Kumar', 'BEST PRODUCT FOR ME :)', 'BEST PRODUCT FOR ME :)', '2017-02-26 20:43:57'),
(3, 3, 3, 4, 3, 'Sarita pandey', 'Nice Product', 'Value for money', '2017-02-26 20:52:46'),
(4, 3, 3, 4, 3, 'Sarita pandey', 'Nice Product', 'Value for money', '2017-02-26 20:59:19'),
(5, 30, 3, 2, 2, 'Prashik Suryagandh', 'not soo good', 'good', '2018-01-19 07:25:36'),
(6, 30, 3, 2, 2, 'Prashik Suryagandh', 'not soo good', 'good', '2018-01-19 07:28:02');

-- --------------------------------------------------------

--
-- Table structure for table `products`
--

CREATE TABLE `products` (
  `id` int(11) NOT NULL,
  `category` int(11) NOT NULL,
  `subCategory` int(11) NOT NULL,
  `productName` varchar(255) NOT NULL,
  `productCompany` varchar(255) NOT NULL,
  `productPrice` int(11) NOT NULL,
  `productPriceBeforeDiscount` int(11) NOT NULL,
  `productDescription` longtext NOT NULL,
  `productImage1` varchar(255) NOT NULL,
  `productImage2` varchar(255) NOT NULL,
  `productImage3` varchar(255) NOT NULL,
  `shippingCharge` int(11) NOT NULL,
  `productAvailability` varchar(255) NOT NULL,
  `postingDate` timestamp NOT NULL DEFAULT CURRENT_TIMESTAMP,
  `updationDate` varchar(255) NOT NULL
) ENGINE=InnoDB DEFAULT CHARSET=latin1;

--
-- Dumping data for table `products`
--

INSERT INTO `products` (`id`, `category`, `subCategory`, `productName`, `productCompany`, `productPrice`, `productPriceBeforeDiscount`, `productDescription`, `productImage1`, `productImage2`, `productImage3`, `shippingCharge`, `productAvailability`, `postingDate`, `updationDate`) VALUES
(2, 4, 4, 'Apple iPhone 6 (Silver, 16 GB)', 'Apple INC', 36990, 0, '<div class=\"_2PF8IO\" style=\"box-sizing: border-box; margin: 0px 0px 0px 110px; padding: 0px; flex: 1 1 0%; color: rgb(33, 33, 33); font-family: Roboto, Arial, sans-serif; font-size: 14px;\"><ul style=\"box-sizing: border-box; margin-bottom: 0px; margin-left: 0px;\"><li class=\"_1tMfkh\" style=\"box-sizing: border-box; margin: 0px; padding: 0px 0px 8px 16px; list-style: none; position: relative;\">1 GB RAM | 16 GB ROM |</li><li class=\"_1tMfkh\" style=\"box-sizing: border-box; margin: 0px; padding: 0px 0px 8px 16px; list-style: none; position: relative;\">4.7 inch Retina HD Display</li><li class=\"_1tMfkh\" style=\"box-sizing: border-box; margin: 0px; padding: 0px 0px 8px 16px; list-style: none; position: relative;\">8MP Primary Camera | 1.2MP Front</li><li class=\"_1tMfkh\" style=\"box-sizing: border-box; margin: 0px; padding: 0px 0px 8px 16px; list-style: none; position: relative;\">Li-Ion Battery</li><li class=\"_1tMfkh\" style=\"box-sizing: border-box; margin: 0px; padding: 0px 0px 8px 16px; list-style: none; position: relative;\">A8 Chip with 64-bit Architecture and M8 Motion Co-processor Processor</li></ul></div>', 't0_5803c9601acf5.png', 't1_5803c9601b79d.png', 't2_5803c9601ba4a.png', 0, 'In Stock', '2017-01-30 16:59:00', ''),
(3, 0, 0, 'omkar product', '', 0, 0, '', 'omkar.png', '', '', 0, '', '2018-04-22 11:41:03', ''),
(15, 3, 8, 'The Wimpy Kid Do -It- Yourself Book', 'ABC', 205, 250, '<span style=\"color: rgb(33, 33, 33); font-family: Roboto, Arial, sans-serif; font-size: 18px;\">The Wimpy Kid Do -It- Yourself Book</span><span style=\"color: rgb(33, 33, 33); font-family: Roboto, Arial, sans-serif; font-size: 18px;\">&nbsp;&nbsp;(English, Paperback, Jeff Kinney)</span><br><div><ul><li>Language: English<br></li><li>Binding: Paperback<br></li><li>Publisher: Penguin Books Ltd<br></li><li>ISBN: 9780141339665, 0141339667<br></li><li>Edition: 1<br></li></ul></div>', 'diary-of-a-wimpy-kid-do-it-yourself-book-original-1.jpeg', 'diary-of-a-wimpy-kid-do-it-yourself-book-original-1.jpeg', 'diary-of-a-wimpy-kid-do-it-yourself-book-original-1.jpeg', 50, 'In Stock', '2017-02-04 04:35:13', ''),
(17, 5, 9, 'Induscraft Solid Wood King Bed With Storage', 'Induscraft', 32566, 0, '<span style=\"color: rgb(33, 33, 33); font-family: Roboto, Arial, sans-serif; font-size: 18px;\">Induscraft Solid Wood King Bed With Storage</span><span style=\"color: rgb(33, 33, 33); font-family: Roboto, Arial, sans-serif; font-size: 18px;\">&nbsp;&nbsp;(Finish Color - Honey Brown)</span><br><div><ul><li>Material Subtype: Rosewood (Sheesham)<br></li><li>W x H x D: 1850 mm x 875 mm x 2057.5 mm<br></li><li>Floor Clearance: 8 mm<br></li><li>Delivery Condition: Knock Down<br></li></ul></div>', 'inaf245-queen-rosewood-sheesham-induscraft-na-honey-brown-original-1.jpeg', 'inaf245-queen-rosewood-sheesham-induscraft-na-honey-brown-original-2.jpeg', 'inaf245-queen-rosewood-sheesham-induscraft-na-honey-brown-original-3.jpeg', 0, 'In Stock', '2017-02-04 04:40:37', ''),
(18, 5, 10, 'Nilkamal Ursa Metal Queen Bed', 'Nilkamal', 6523, 0, '<span style=\"color: rgb(33, 33, 33); font-family: Roboto, Arial, sans-serif; font-size: 18px;\">@home by Nilkamal Ursa Metal Queen Bed</span><span style=\"color: rgb(33, 33, 33); font-family: Roboto, Arial, sans-serif; font-size: 18px;\">&nbsp;&nbsp;(Finish Color - NA)</span><br><div><ul><li>Material Subtype: Carbon Steel<br></li><li>W x H x D: 1590 mm x 910 mm x 2070 mm<br></li><li>Floor Clearance: 341 mm<br></li><li>Delivery Condition: Knock Down<br></li></ul></div>', 'flbdorsabrqbblk-queen-carbon-steel-home-by-nilkamal-na-na-original-1.jpeg', 'flbdorsabrqbblk-queen-carbon-steel-home-by-nilkamal-na-na-original-2.jpeg', 'flbdorsabrqbblk-queen-carbon-steel-home-by-nilkamal-na-na-original-3.jpeg', 0, 'In Stock', '2017-02-04 04:42:27', ''),
(19, 6, 12, 'Asian Casuals  (White, White)', 'Asian', 379, 0, '<ul style=\"box-sizing: border-box; margin-bottom: 0px; margin-left: 0px; color: rgb(33, 33, 33); font-family: Roboto, Arial, sans-serif; font-size: 14px;\"><li class=\"_2-riNZ\" style=\"box-sizing: border-box; margin: 0px; padding: 0px 0px 8px 16px; list-style: none; position: relative;\">Colour: White, White</li><li class=\"_2-riNZ\" style=\"box-sizing: border-box; margin: 0px; padding: 0px 0px 0px 16px; list-style: none; position: relative;\">Outer Material: Denim</li><li class=\"_1KuY3T row\" style=\"box-sizing: border-box; margin: 0px; padding: 0px 0px 16px; list-style: none; display: flex; flex-flow: row wrap; width: 731px;\"><div class=\"vmXPri col col-3-12\" style=\"box-sizing: border-box; margin: 0px; padding: 0px 8px 0px 0px; width: 182.75px; display: inline-block; vertical-align: top; color: rgb(135, 135, 135);\"><br></div></li></ul>', '1.jpeg', '2.jpeg', '3.jpeg', 45, 'In Stock', '2017-03-10 20:16:03', ''),
(20, 6, 12, 'Adidas MESSI 16.3 TF Football turf Shoes  (Blue)', 'Adidas', 4129, 5000, '<ul style=\"box-sizing: border-box; margin-bottom: 0px; margin-left: 0px; color: rgb(33, 33, 33); font-family: Roboto, Arial, sans-serif; font-size: 14px;\"><li class=\"_2-riNZ\" style=\"box-sizing: border-box; margin: 0px; padding: 0px 0px 8px 16px; list-style: none; position: relative;\">Colour: Blue</li><li class=\"_2-riNZ\" style=\"box-sizing: border-box; margin: 0px; padding: 0px 0px 0px 16px; list-style: none; position: relative;\">Closure: Laced</li><li class=\"_1KuY3T row\" style=\"box-sizing: border-box; margin: 0px; padding: 0px 0px 16px; list-style: none; display: flex; flex-flow: row wrap; width: 731px;\"><div class=\"vmXPri col col-3-12\" style=\"text-align: left; box-sizing: border-box; margin: 0px; padding: 0px 8px 0px 0px; width: 182.75px; display: inline-block; vertical-align: top; color: rgb(135, 135, 135);\"><b>Weight</b></div><ul class=\"_3dG3ix col col-9-12\" style=\"box-sizing: border-box; margin-left: 0px; width: 548.25px; display: inline-block; vertical-align: top; line-height: 1.4;\"><li class=\"sNqDog\" style=\"text-align: left; box-sizing: border-box; margin: 0px; padding: 0px; list-style: none;\"><b>200 g (per single Shoe) - Weight of the product may vary depending on size.</b></li></ul></li><li class=\"_1KuY3T row\" style=\"box-sizing: border-box; margin: 0px; padding: 0px 0px 16px; list-style: none; display: flex; flex-flow: row wrap; width: 731px;\"><div class=\"vmXPri col col-3-12\" style=\"text-align: left; box-sizing: border-box; margin: 0px; padding: 0px 8px 0px 0px; width: 182.75px; display: inline-block; vertical-align: top; color: rgb(135, 135, 135);\"><b>Style</b></div><ul class=\"_3dG3ix col col-9-12\" style=\"box-sizing: border-box; margin-left: 0px; width: 548.25px; display: inline-block; vertical-align: top; line-height: 1.4;\"><li class=\"sNqDog\" style=\"text-align: left; box-sizing: border-box; margin: 0px; padding: 0px; list-style: none;\"><b>Panel and Stitch Detail, Textured Detail</b></li></ul></li><li class=\"_1KuY3T row\" style=\"box-sizing: border-box; margin: 0px; padding: 0px 0px 16px; list-style: none; display: flex; flex-flow: row wrap; width: 731px;\"><div class=\"vmXPri col col-3-12\" style=\"text-align: left; box-sizing: border-box; margin: 0px; padding: 0px 8px 0px 0px; width: 182.75px; display: inline-block; vertical-align: top; color: rgb(135, 135, 135);\"><b>Tip Shape</b></div><ul class=\"_3dG3ix col col-9-12\" style=\"box-sizing: border-box; margin-left: 0px; width: 548.25px; display: inline-block; vertical-align: top; line-height: 1.4;\"><li class=\"sNqDog\" style=\"text-align: left; box-sizing: border-box; margin: 0px; padding: 0px; list-style: none;\"><b>Round</b></li></ul></li><li class=\"_1KuY3T row\" style=\"box-sizing: border-box; margin: 0px; padding: 0px 0px 16px; list-style: none; display: flex; flex-flow: row wrap; width: 731px;\"><div class=\"vmXPri col col-3-12\" style=\"text-align: left; box-sizing: border-box; margin: 0px; padding: 0px 8px 0px 0px; width: 182.75px; display: inline-block; vertical-align: top; color: rgb(135, 135, 135);\"><b>Season</b></div><ul class=\"_3dG3ix col col-9-12\" style=\"box-sizing: border-box; margin-left: 0px; width: 548.25px; display: inline-block; vertical-align: top; line-height: 1.4;\"><li class=\"sNqDog\" style=\"text-align: left; box-sizing: border-box; margin: 0px; padding: 0px; list-style: none;\"><b>AW16</b></li></ul></li><li class=\"_1KuY3T row\" style=\"box-sizing: border-box; margin: 0px; padding: 0px; list-style: none; display: flex; flex-flow: row wrap; width: 731px;\"><div class=\"vmXPri col col-3-12\" style=\"text-align: left; box-sizing: border-box; margin: 0px; padding: 0px 8px 0px 0px; width: 182.75px; display: inline-block; vertical-align: top; color: rgb(135, 135, 135);\"><b>Closure</b></div><ul class=\"_3dG3ix col col-9-12\" style=\"box-sizing: border-box; margin-left: 0px; width: 548.25px; display: inline-block; vertical-align: top; line-height: 1.4;\"><li class=\"sNqDog\" style=\"text-align: left; box-sizing: border-box; margin: 0px; padding: 0px; list-style: none;\"><b>Laced</b></li></ul></li></ul>', '1.jpeg', '2.jpeg', '3.jpeg', 0, 'In Stock', '2017-03-10 20:19:22', ''),
(21, 4, 4, 'OnePlus 3', 'onePlus', 25000, 27999, '<span style=\"color: rgb(88, 88, 88); font-family: Arial, Helvetica, sans-serif; font-size: 15px;\">It’s about time for a smartphone without compromises. A smartphone conceived and built by tech enthusiasts, hand-in-hand with users. A smartphone born from amazing technology, design, and innovation.</span><br>', 't0_5803c59f4467a.png', 't1_5803c59f50ed4.png', 't3_5803c59f519c1.png', 0, 'In Stock', '2018-01-13 14:18:47', ''),
(22, 4, 4, 'iPhone 7', 'Apple INC.', 60999, 63400, '<span style=\"color: rgb(88, 88, 88); font-family: Arial, Helvetica, sans-serif; font-size: 15px;\">For all the iPhone lovers, Apple brings you the best yet. The iPhone 7 improvises on the best features of the previous generations of Apple phones. Be it the camera, the battery or the speakers, the iPhone 7 aces the game.</span><br>', 't0_5803d02d9f630.png', 't1_5803d02d9fbc0.png', 't3_5803d02da1f70.png', 0, 'In Stock', '2018-01-13 14:45:45', ''),
(23, 4, 6, 'DELL INSPIRON 3558 NOTEBOOK', 'Dell', 26884, 27800, '<span style=\"color: rgb(88, 88, 88); font-family: Arial, Helvetica, sans-serif; font-size: 15px;\">Big entertainment, bold features, get your hands on a versatile 15\" laptop packed with entertainment features that deliver an outstanding multimedia experience at an affordable price, with Ubuntu Linux OS - for a smooth, versatile PC experience.</span><br>', 't0_5803572dddc1f.png', 't2_5803572de5045.png', 't3_5803572de54ed.png', 0, 'In Stock', '2018-01-13 14:52:58', ''),
(24, 4, 4, 'SAMSUNG GALAXY S6', 'Samsung', 32399, 34399, '<span style=\"color: rgb(88, 88, 88); font-family: Arial, Helvetica, sans-serif; font-size: 15px;\">The Samsung Galaxy S6 is powered by 1.5GHz octa-core Samsung Exynos 7420 processor and it comes with 3GB of RAM. The phone packs 32GB of internal storage cannot be expanded.</span><br>', 't0_5803cb27a1706.png', 't1_5803cb27a3a84.png', 't3_5803cb27a414d.png', 0, 'In Stock', '2018-01-13 14:58:57', ''),
(25, 4, 4, 'Moto G4 Plus', 'Motorola', 13499, 14999, '<span style=\"color: rgb(88, 88, 88); font-family: Arial, Helvetica, sans-serif; font-size: 15px;\">Great pictures make all the difference. That’s why there’s the new Moto G Plus, 4th Gen. It gives you a 16 MP camera with laser focus and a whole lot more, so you can say goodbye to blurry photos and missed shots.</span><br>', 't0_5803cec97bc97.png', 't1_5803cec985dd6.png', 't3_5803cec9868a8.png', 0, 'In Stock', '2018-01-13 15:01:11', ''),
(26, 4, 5, 'Samsung EVO Plus Memory Card with SD Adapter (MB-MC32GAIN)', 'Samsung', 399, 480, 'Samsung EVO Plus Grade 1, Class 10 32GB MicroSDHC 95 MBS Memory Card with SD Adapter (MB-MC32GAIN)<br>', '41a+KL1AL4L.jpg', '41ds3ZmsDOL.jpg', '41flNfpUo1L.jpg', 60, 'In Stock', '2018-01-13 15:04:17', ''),
(27, 4, 6, 'HP Notebook 15- bs146tu', 'HP', 41999, 45999, 'Intel (Core™ i5-8250U 8th Gen, 1.6GHz 4GB DDR4 1TB HDD&nbsp; 39.62 cm(15.6) diagonal FHD SVA anti-glare WLED-backlit Windows 10 Home ) Black<br>', '51Cvt+1to3L._SL1024_.jpg', '51JTfdyXjgL._SL1024_.jpg', '61VTQHCMDbL._SL1024_.jpg', 0, 'In Stock', '2018-01-13 15:06:57', ''),
(28, 4, 5, 'JBL C100SI In-Ear Headphones with Mic (Black)', 'JBL', 699, 899, 'JBL C100SI In-Ear Headphones with Mic (Black) It has good quality sound.<br>', '61S3EAUpK7L._SL1500_.jpg', '61iO1BrhkYL._SL1500_.jpg', '61S3EAUpK7L._SL1500_.jpg', 0, 'In Stock', '2018-01-13 15:10:15', ''),
(29, 3, 8, 'Akbar And Birbal', 'kidds', 180, 250, 'Akbar and birbal for fun.<div><br></div>', '51OdvOJehNL.jpg', '41yHu8I9UpL.jpg', '51OdvOJehNL.jpg', 20, 'In Stock', '2018-01-14 06:31:17', ''),
(30, 3, 13, 'Adolf Hitler A Life From Beginning to End', 'ABC', 599, 699, 'Adolf Hitler A Life From Beginning to End (World War II Biography Book 1)<br>', '51e2cdpYgjL.jpg', '51e2cdpYgjL.jpg', '51e2cdpYgjL.jpg', 0, 'In Stock', '2018-01-14 06:38:21', '');

-- --------------------------------------------------------

--
-- Table structure for table `recent_product`
--

CREATE TABLE `recent_product` (
  `id` int(11) NOT NULL,
  `userId` int(11) NOT NULL,
  `productId` int(11) NOT NULL,
  `postingDate` timestamp NOT NULL DEFAULT CURRENT_TIMESTAMP
) ENGINE=InnoDB DEFAULT CHARSET=latin1;

--
-- Dumping data for table `recent_product`
--

INSERT INTO `recent_product` (`id`, `userId`, `productId`, `postingDate`) VALUES
(1, 1, 0, '0000-00-00 00:00:00'),
(2, 1, 2, '0000-00-00 00:00:00'),
(3, 1, 0, '0000-00-00 00:00:00'),
(4, 1, 21, '0000-00-00 00:00:00'),
(5, 1, 22, '0000-00-00 00:00:00'),
(11, 1, 0, '0000-00-00 00:00:00'),
(13, 0, 27, '0000-00-00 00:00:00'),
(14, 0, 27, '0000-00-00 00:00:00');

-- --------------------------------------------------------

--
-- Table structure for table `subcategory`
--

CREATE TABLE `subcategory` (
  `id` int(11) NOT NULL,
  `categoryid` int(11) NOT NULL,
  `subcategory` varchar(255) NOT NULL,
  `creationDate` timestamp NOT NULL DEFAULT CURRENT_TIMESTAMP,
  `updationDate` varchar(255) NOT NULL
) ENGINE=InnoDB DEFAULT CHARSET=latin1;

--
-- Dumping data for table `subcategory`
--

INSERT INTO `subcategory` (`id`, `categoryid`, `subcategory`, `creationDate`, `updationDate`) VALUES
(2, 4, 'Led Television', '2017-01-26 16:24:52', '26-01-2017 11:03:40 PM'),
(3, 4, 'Television', '2017-01-26 16:29:09', ''),
(4, 4, 'Mobiles', '2017-01-30 16:55:48', ''),
(5, 4, 'Mobile Accessories', '2017-02-04 04:12:40', ''),
(6, 4, 'Laptops', '2017-02-04 04:13:00', ''),
(7, 4, 'Computers', '2017-02-04 04:13:27', ''),
(8, 3, 'Comics', '2017-02-04 04:13:54', ''),
(9, 5, 'Beds', '2017-02-04 04:36:45', ''),
(10, 5, 'Sofas', '2017-02-04 04:37:02', ''),
(11, 5, 'Dining Tables', '2017-02-04 04:37:51', ''),
(12, 6, 'Men Footwears', '2017-03-10 20:12:59', ''),
(13, 3, 'Biographies, Diaries', '2018-01-14 06:36:19', '14-01-2018 12:09:23 PM');

-- --------------------------------------------------------

--
-- Table structure for table `userlog`
--

CREATE TABLE `userlog` (
  `id` int(11) NOT NULL,
  `userEmail` varchar(255) NOT NULL,
  `userip` binary(16) NOT NULL,
  `loginTime` timestamp NOT NULL DEFAULT CURRENT_TIMESTAMP,
  `logout` varchar(255) NOT NULL,
  `status` int(11) NOT NULL
) ENGINE=InnoDB DEFAULT CHARSET=latin1;

--
-- Dumping data for table `userlog`
--

INSERT INTO `userlog` (`id`, `userEmail`, `userip`, `loginTime`, `logout`, `status`) VALUES
(1, 'anuj.lpu1@gmail.com', 0x3a3a3100000000000000000000000000, '2017-02-26 11:18:50', '', 1),
(2, 'anuj.lpu1@gmail.com', 0x3a3a3100000000000000000000000000, '2017-02-26 11:29:33', '', 1),
(3, 'anuj.lpu1@gmail.com', 0x3a3a3100000000000000000000000000, '2017-02-26 11:30:11', '', 1),
(4, 'anuj.lpu1@gmail.com', 0x3a3a3100000000000000000000000000, '2017-02-26 15:00:23', '26-02-2017 11:12:06 PM', 1),
(5, 'anuj.lpu1@gmail.com', 0x3a3a3100000000000000000000000000, '2017-02-26 18:08:58', '', 0),
(6, 'anuj.lpu1@gmail.com', 0x3a3a3100000000000000000000000000, '2017-02-26 18:09:41', '', 0),
(7, 'anuj.lpu1@gmail.com', 0x3a3a3100000000000000000000000000, '2017-02-26 18:10:04', '', 0),
(8, 'anuj.lpu1@gmail.com', 0x3a3a3100000000000000000000000000, '2017-02-26 18:10:31', '', 0),
(9, 'anuj.lpu1@gmail.com', 0x3a3a3100000000000000000000000000, '2017-02-26 18:13:43', '', 1),
(10, 'anuj.lpu1@gmail.com', 0x3a3a3100000000000000000000000000, '2017-02-27 18:52:58', '', 0),
(11, 'anuj.lpu1@gmail.com', 0x3a3a3100000000000000000000000000, '2017-02-27 18:53:07', '', 1),
(12, 'anuj.lpu1@gmail.com', 0x3a3a3100000000000000000000000000, '2017-03-03 18:00:09', '', 0),
(13, 'anuj.lpu1@gmail.com', 0x3a3a3100000000000000000000000000, '2017-03-03 18:00:15', '', 1),
(14, 'anuj.lpu1@gmail.com', 0x3a3a3100000000000000000000000000, '2017-03-06 18:10:26', '', 1),
(15, 'anuj.lpu1@gmail.com', 0x3a3a3100000000000000000000000000, '2017-03-07 12:28:16', '', 1),
(16, 'anuj.lpu1@gmail.com', 0x3a3a3100000000000000000000000000, '2017-03-07 18:43:27', '', 1),
(17, 'anuj.lpu1@gmail.com', 0x3a3a3100000000000000000000000000, '2017-03-07 18:55:33', '', 1),
(18, 'anuj.lpu1@gmail.com', 0x3a3a3100000000000000000000000000, '2017-03-07 19:44:29', '', 1),
(19, 'anuj.lpu1@gmail.com', 0x3a3a3100000000000000000000000000, '2017-03-08 19:21:15', '', 1),
(20, 'anuj.lpu1@gmail.com', 0x3a3a3100000000000000000000000000, '2017-03-15 17:19:38', '', 1),
(21, 'anuj.lpu1@gmail.com', 0x3a3a3100000000000000000000000000, '2017-03-15 17:20:36', '15-03-2017 10:50:39 PM', 1),
(22, 'anuj.lpu1@gmail.com', 0x3a3a3100000000000000000000000000, '2017-03-16 01:13:57', '', 1),
(23, 'suryagandh.prashik@gmail.com', 0x3a3a3100000000000000000000000000, '2018-01-19 08:05:12', '20-01-2018 08:47:21 PM', 1),
(24, 'suryagandh.prashik@gmail.com', 0x3a3a3100000000000000000000000000, '2018-01-20 15:25:09', '', 0),
(25, 'suryagandh.prashik@gmail.com', 0x3a3a3100000000000000000000000000, '2018-01-20 15:25:27', '', 0),
(26, 'suryagandh.prashik@gmail.com', 0x3a3a3100000000000000000000000000, '2018-01-20 15:35:48', '', 0),
(27, 'suryagandh.prashik@gmail.com', 0x3a3a3100000000000000000000000000, '2018-01-20 15:36:00', '', 1),
(28, 'omkar555@gmail.com', 0x3a3a3100000000000000000000000000, '2018-04-22 11:22:44', '', 1);

-- --------------------------------------------------------

--
-- Table structure for table `users`
--

CREATE TABLE `users` (
  `userId` int(11) NOT NULL,
  `name` varchar(255) NOT NULL,
  `email` varchar(255) NOT NULL,
  `contactno` bigint(11) NOT NULL,
  `password` varchar(255) NOT NULL,
  `shippingAddress` longtext NOT NULL,
  `shippingState` varchar(255) NOT NULL,
  `shippingCity` varchar(255) NOT NULL,
  `shippingPincode` int(11) NOT NULL,
  `billingAddress` longtext NOT NULL,
  `billingState` varchar(255) NOT NULL,
  `billingCity` varchar(255) NOT NULL,
  `billingPincode` int(11) NOT NULL,
  `regDate` timestamp NOT NULL DEFAULT CURRENT_TIMESTAMP,
  `updationDate` varchar(255) NOT NULL
) ENGINE=InnoDB DEFAULT CHARSET=latin1;

--
-- Dumping data for table `users`
--

INSERT INTO `users` (`userId`, `name`, `email`, `contactno`, `password`, `shippingAddress`, `shippingState`, `shippingCity`, `shippingPincode`, `billingAddress`, `billingState`, `billingCity`, `billingPincode`, `regDate`, `updationDate`) VALUES
(0, 'omkar dalal', 'omkar555@gmail.com', 123456789, '81dc9bdb52d04dc20036dbd8313ed055', '', '', '', 0, '', '', '', 0, '2018-04-22 11:22:29', ''),
(1, 'Anuj Kumar', 'anuj.lpu1@gmail.com', 9009857868, 'f925916e2754e5e03f75dd58a5733251', 'CS New Delhi', 'New Delhi', 'Delhi', 110001, 'New Delhi', 'New Delhi', 'Delhi', 110092, '2017-02-04 19:30:50', ''),
(2, 'Amit ', 'amit@gmail.com', 8285703355, '5c428d8875d2948607f3e3fe134d71b4', '', '', '', 0, '', '', '', 0, '2017-03-15 17:21:22', ''),
(3, 'Prashik Suryagandh', 'suryagandh.prashik@gmail.com', 8888651132, 'e848ea796bcdecfa943ac49649517f2d', '', '', '', 0, '', '', '', 0, '2018-01-19 08:04:04', '');

-- --------------------------------------------------------

--
-- Table structure for table `wishlist`
--

CREATE TABLE `wishlist` (
  `id` int(11) NOT NULL,
  `userId` int(11) NOT NULL,
  `productId` int(11) NOT NULL,
  `postingDate` timestamp NOT NULL DEFAULT CURRENT_TIMESTAMP
) ENGINE=InnoDB DEFAULT CHARSET=latin1;

--
-- Dumping data for table `wishlist`
--

INSERT INTO `wishlist` (`id`, `userId`, `productId`, `postingDate`) VALUES
(1, 1, 0, '2017-02-27 18:53:17'),
(2, 3, 0, '2018-01-20 14:39:04');

--
-- Indexes for dumped tables
--

--
-- Indexes for table `admin`
--
ALTER TABLE `admin`
  ADD PRIMARY KEY (`id`);

--
-- Indexes for table `category`
--
ALTER TABLE `category`
  ADD PRIMARY KEY (`id`);

--
-- Indexes for table `orders`
--
ALTER TABLE `orders`
  ADD PRIMARY KEY (`id`);

--
-- Indexes for table `ordertrackhistory`
--
ALTER TABLE `ordertrackhistory`
  ADD PRIMARY KEY (`id`);

--
-- Indexes for table `productreviews`
--
ALTER TABLE `productreviews`
  ADD PRIMARY KEY (`id`);

--
-- Indexes for table `products`
--
ALTER TABLE `products`
  ADD PRIMARY KEY (`id`);

--
-- Indexes for table `recent_product`
--
ALTER TABLE `recent_product`
  ADD PRIMARY KEY (`id`);

--
-- Indexes for table `subcategory`
--
ALTER TABLE `subcategory`
  ADD PRIMARY KEY (`id`);

--
-- Indexes for table `userlog`
--
ALTER TABLE `userlog`
  ADD PRIMARY KEY (`id`);

--
-- Indexes for table `users`
--
ALTER TABLE `users`
  ADD PRIMARY KEY (`userId`);

--
-- Indexes for table `wishlist`
--
ALTER TABLE `wishlist`
  ADD PRIMARY KEY (`id`);

--
-- AUTO_INCREMENT for dumped tables
--

--
-- AUTO_INCREMENT for table `admin`
--
ALTER TABLE `admin`
  MODIFY `id` int(11) NOT NULL AUTO_INCREMENT, AUTO_INCREMENT=2;
--
-- AUTO_INCREMENT for table `category`
--
ALTER TABLE `category`
  MODIFY `id` int(11) NOT NULL AUTO_INCREMENT, AUTO_INCREMENT=7;
--
-- AUTO_INCREMENT for table `orders`
--
ALTER TABLE `orders`
  MODIFY `id` int(11) NOT NULL AUTO_INCREMENT, AUTO_INCREMENT=7;
--
-- AUTO_INCREMENT for table `ordertrackhistory`
--
ALTER TABLE `ordertrackhistory`
  MODIFY `id` int(11) NOT NULL AUTO_INCREMENT, AUTO_INCREMENT=5;
--
-- AUTO_INCREMENT for table `productreviews`
--
ALTER TABLE `productreviews`
  MODIFY `id` int(11) NOT NULL AUTO_INCREMENT, AUTO_INCREMENT=7;
--
-- AUTO_INCREMENT for table `products`
--
ALTER TABLE `products`
  MODIFY `id` int(11) NOT NULL AUTO_INCREMENT, AUTO_INCREMENT=31;
--
-- AUTO_INCREMENT for table `recent_product`
--
ALTER TABLE `recent_product`
  MODIFY `id` int(11) NOT NULL AUTO_INCREMENT, AUTO_INCREMENT=15;
--
-- AUTO_INCREMENT for table `subcategory`
--
ALTER TABLE `subcategory`
  MODIFY `id` int(11) NOT NULL AUTO_INCREMENT, AUTO_INCREMENT=14;
--
-- AUTO_INCREMENT for table `userlog`
--
ALTER TABLE `userlog`
  MODIFY `id` int(11) NOT NULL AUTO_INCREMENT, AUTO_INCREMENT=29;
--
-- AUTO_INCREMENT for table `users`
--
ALTER TABLE `users`
  MODIFY `userId` int(11) NOT NULL AUTO_INCREMENT, AUTO_INCREMENT=4;
--
-- AUTO_INCREMENT for table `wishlist`
--
ALTER TABLE `wishlist`
  MODIFY `id` int(11) NOT NULL AUTO_INCREMENT, AUTO_INCREMENT=3;
/*!40101 SET CHARACTER_SET_CLIENT=@OLD_CHARACTER_SET_CLIENT */;
/*!40101 SET CHARACTER_SET_RESULTS=@OLD_CHARACTER_SET_RESULTS */;
/*!40101 SET COLLATION_CONNECTION=@OLD_COLLATION_CONNECTION */;
